frame_A_path,frame_B_path,style_path
static/expr/frame/helicopter_rnn_c-fdb_feathers_interpolate-detach_5957.jpg,static/expr/frame/helicopter_rnn_ofb_feathers_interpolate-detach_5957.jpg,static/image/feathers.jpg
static/expr/frame/guitar-violin_rnn_c-fdb_starrynight_interpolate-detach_9720.jpg,static/expr/frame/guitar-violin_rnn_ofb_starrynight_interpolate-detach_9720.jpg,static/image/starrynight.jpg
static/expr/frame/cats-car_rnn_ofb_starrynight_interpolate-detach_8764.jpg,static/expr/frame/cats-car_rnn_c-fdb_starrynight_interpolate-detach_8764.jpg,static/image/starrynight.jpg
static/expr/frame/girl-dog_rnn_ofb_starrynight_interpolate-detach_2230.jpg,static/expr/frame/girl-dog_rnn_c-fdb_starrynight_interpolate-detach_2230.jpg,static/image/starrynight.jpg
static/expr/frame/tiger_rnn_ofb_lamuse_interpolate-detach_1590.jpg,static/expr/frame/tiger_rnn_c-fdb_lamuse_interpolate-detach_1590.jpg,static/image/lamuse.jpg
static/expr/frame/market_1_rnn_c-fdb_lamuse_interpolate-detach_1384.jpg,static/expr/frame/market_1_rnn_ofb_lamuse_interpolate-detach_1384.jpg,static/image/lamuse.jpg
static/expr/frame/market_1_rnn_c-fdb_composition_interpolate-detach_8826.jpg,static/expr/frame/market_1_rnn_ofb_composition_interpolate-detach_8826.jpg,static/image/composition.jpg
static/expr/frame/mountain_2_rnn_ofb_feathers_interpolate-detach_2951.jpg,static/expr/frame/mountain_2_rnn_c-fdb_feathers_interpolate-detach_2951.jpg,static/image/feathers.jpg
static/expr/frame/helicopter_rnn_ofb_starrynight_interpolate-detach_7763.jpg,static/expr/frame/helicopter_rnn_c-fdb_starrynight_interpolate-detach_7763.jpg,static/image/starrynight.jpg
static/expr/frame/guitar-violin_rnn_ofb_composition_interpolate-detach_2244.jpg,static/expr/frame/guitar-violin_rnn_c-fdb_composition_interpolate-detach_2244.jpg,static/image/composition.jpg
static/expr/frame/horsejump-stick_rnn_ofb_feathers_interpolate-detach_4564.jpg,static/expr/frame/horsejump-stick_rnn_c-fdb_feathers_interpolate-detach_4564.jpg,static/image/feathers.jpg
static/expr/frame/wall_rnn_ofb_feathers_interpolate-detach_8799.jpg,static/expr/frame/wall_rnn_c-fdb_feathers_interpolate-detach_8799.jpg,static/image/feathers.jpg
static/expr/frame/tandem_rnn_ofb_composition_interpolate-detach_9456.jpg,static/expr/frame/tandem_rnn_c-fdb_composition_interpolate-detach_9456.jpg,static/image/composition.jpg
static/expr/frame/guitar-violin_rnn_ofb_lamuse_interpolate-detach_0878.jpg,static/expr/frame/guitar-violin_rnn_c-fdb_lamuse_interpolate-detach_0878.jpg,static/image/lamuse.jpg
static/expr/frame/tiger_rnn_ofb_feathers_interpolate-detach_8162.jpg,static/expr/frame/tiger_rnn_c-fdb_feathers_interpolate-detach_8162.jpg,static/image/feathers.jpg
static/expr/frame/slackline_rnn_ofb_composition_interpolate-detach_7539.jpg,static/expr/frame/slackline_rnn_c-fdb_composition_interpolate-detach_7539.jpg,static/image/composition.jpg
static/expr/frame/temple_1_rnn_c-fdb_feathers_interpolate-detach_1183.jpg,static/expr/frame/temple_1_rnn_ofb_feathers_interpolate-detach_1183.jpg,static/image/feathers.jpg
static/expr/frame/ambush_1_rnn_ofb_feathers_interpolate-detach_4035.jpg,static/expr/frame/ambush_1_rnn_c-fdb_feathers_interpolate-detach_4035.jpg,static/image/feathers.jpg
static/expr/frame/girl-dog_rnn_ofb_lamuse_interpolate-detach_4590.jpg,static/expr/frame/girl-dog_rnn_c-fdb_lamuse_interpolate-detach_4590.jpg,static/image/lamuse.jpg
static/expr/frame/helicopter_rnn_ofb_composition_interpolate-detach_6895.jpg,static/expr/frame/helicopter_rnn_c-fdb_composition_interpolate-detach_6895.jpg,static/image/composition.jpg
static/expr/frame/bamboo_3_rnn_ofb_starrynight_interpolate-detach_9829.jpg,static/expr/frame/bamboo_3_rnn_c-fdb_starrynight_interpolate-detach_9829.jpg,static/image/starrynight.jpg
static/expr/frame/bamboo_3_rnn_ofb_feathers_interpolate-detach_7476.jpg,static/expr/frame/bamboo_3_rnn_c-fdb_feathers_interpolate-detach_7476.jpg,static/image/feathers.jpg
static/expr/frame/market_1_rnn_ofb_feathers_interpolate-detach_9994.jpg,static/expr/frame/market_1_rnn_c-fdb_feathers_interpolate-detach_9994.jpg,static/image/feathers.jpg
static/expr/frame/horsejump-stick_rnn_c-fdb_starrynight_interpolate-detach_0437.jpg,static/expr/frame/horsejump-stick_rnn_ofb_starrynight_interpolate-detach_0437.jpg,static/image/starrynight.jpg
static/expr/frame/ambush_1_rnn_ofb_lamuse_interpolate-detach_9321.jpg,static/expr/frame/ambush_1_rnn_c-fdb_lamuse_interpolate-detach_9321.jpg,static/image/lamuse.jpg
static/expr/frame/gym_rnn_ofb_lamuse_interpolate-detach_3522.jpg,static/expr/frame/gym_rnn_c-fdb_lamuse_interpolate-detach_3522.jpg,static/image/lamuse.jpg
static/expr/frame/PERTURBED_shaman_1_rnn_ofb_composition_interpolate-detach_3674.jpg,static/expr/frame/PERTURBED_shaman_1_rnn_c-fdb_composition_interpolate-detach_3674.jpg,static/image/composition.jpg
static/expr/frame/temple_1_rnn_ofb_lamuse_interpolate-detach_9251.jpg,static/expr/frame/temple_1_rnn_c-fdb_lamuse_interpolate-detach_9251.jpg,static/image/lamuse.jpg
static/expr/frame/cats-car_rnn_c-fdb_composition_interpolate-detach_5121.jpg,static/expr/frame/cats-car_rnn_ofb_composition_interpolate-detach_5121.jpg,static/image/composition.jpg
static/expr/frame/tiger_rnn_ofb_composition_interpolate-detach_5406.jpg,static/expr/frame/tiger_rnn_c-fdb_composition_interpolate-detach_5406.jpg,static/image/composition.jpg
static/expr/frame/bamboo_3_rnn_c-fdb_lamuse_interpolate-detach_9658.jpg,static/expr/frame/bamboo_3_rnn_ofb_lamuse_interpolate-detach_9658.jpg,static/image/lamuse.jpg
static/expr/frame/helicopter_rnn_c-fdb_lamuse_interpolate-detach_6034.jpg,static/expr/frame/helicopter_rnn_ofb_lamuse_interpolate-detach_6034.jpg,static/image/lamuse.jpg
static/expr/frame/horsejump-stick_rnn_c-fdb_lamuse_interpolate-detach_7207.jpg,static/expr/frame/horsejump-stick_rnn_ofb_lamuse_interpolate-detach_7207.jpg,static/image/lamuse.jpg
static/expr/frame/man-bike_rnn_ofb_composition_interpolate-detach_0057.jpg,static/expr/frame/man-bike_rnn_c-fdb_composition_interpolate-detach_0057.jpg,static/image/composition.jpg
static/expr/frame/mountain_2_rnn_c-fdb_lamuse_interpolate-detach_0478.jpg,static/expr/frame/mountain_2_rnn_ofb_lamuse_interpolate-detach_0478.jpg,static/image/lamuse.jpg
static/expr/frame/cave_3_rnn_c-fdb_starrynight_interpolate-detach_7557.jpg,static/expr/frame/cave_3_rnn_ofb_starrynight_interpolate-detach_7557.jpg,static/image/starrynight.jpg
static/expr/frame/tandem_rnn_ofb_lamuse_interpolate-detach_2429.jpg,static/expr/frame/tandem_rnn_c-fdb_lamuse_interpolate-detach_2429.jpg,static/image/lamuse.jpg
static/expr/frame/gym_rnn_ofb_composition_interpolate-detach_4210.jpg,static/expr/frame/gym_rnn_c-fdb_composition_interpolate-detach_4210.jpg,static/image/composition.jpg
static/expr/frame/slackline_rnn_c-fdb_feathers_interpolate-detach_0552.jpg,static/expr/frame/slackline_rnn_ofb_feathers_interpolate-detach_0552.jpg,static/image/feathers.jpg
static/expr/frame/mountain_2_rnn_c-fdb_composition_interpolate-detach_2806.jpg,static/expr/frame/mountain_2_rnn_ofb_composition_interpolate-detach_2806.jpg,static/image/composition.jpg
static/expr/frame/subway_rnn_c-fdb_feathers_interpolate-detach_3481.jpg,static/expr/frame/subway_rnn_ofb_feathers_interpolate-detach_3481.jpg,static/image/feathers.jpg
static/expr/frame/cave_3_rnn_ofb_composition_interpolate-detach_7303.jpg,static/expr/frame/cave_3_rnn_c-fdb_composition_interpolate-detach_7303.jpg,static/image/composition.jpg
static/expr/frame/temple_1_rnn_ofb_composition_interpolate-detach_0414.jpg,static/expr/frame/temple_1_rnn_c-fdb_composition_interpolate-detach_0414.jpg,static/image/composition.jpg
static/expr/frame/gym_rnn_ofb_starrynight_interpolate-detach_3025.jpg,static/expr/frame/gym_rnn_c-fdb_starrynight_interpolate-detach_3025.jpg,static/image/starrynight.jpg
static/expr/frame/PERTURBED_shaman_1_rnn_ofb_starrynight_interpolate-detach_1552.jpg,static/expr/frame/PERTURBED_shaman_1_rnn_c-fdb_starrynight_interpolate-detach_1552.jpg,static/image/starrynight.jpg
static/expr/frame/cats-car_rnn_ofb_feathers_interpolate-detach_5572.jpg,static/expr/frame/cats-car_rnn_c-fdb_feathers_interpolate-detach_5572.jpg,static/image/feathers.jpg
static/expr/frame/subway_rnn_c-fdb_starrynight_interpolate-detach_2279.jpg,static/expr/frame/subway_rnn_ofb_starrynight_interpolate-detach_2279.jpg,static/image/starrynight.jpg
static/expr/frame/market_4_rnn_ofb_feathers_interpolate-detach_8495.jpg,static/expr/frame/market_4_rnn_c-fdb_feathers_interpolate-detach_8495.jpg,static/image/feathers.jpg
static/expr/frame/slackline_rnn_c-fdb_starrynight_interpolate-detach_0999.jpg,static/expr/frame/slackline_rnn_ofb_starrynight_interpolate-detach_0999.jpg,static/image/starrynight.jpg
static/expr/frame/man-bike_rnn_ofb_feathers_interpolate-detach_9892.jpg,static/expr/frame/man-bike_rnn_c-fdb_feathers_interpolate-detach_9892.jpg,static/image/feathers.jpg
static/expr/frame/wall_rnn_c-fdb_composition_interpolate-detach_6604.jpg,static/expr/frame/wall_rnn_ofb_composition_interpolate-detach_6604.jpg,static/image/composition.jpg
static/expr/frame/bamboo_3_rnn_ofb_composition_interpolate-detach_7752.jpg,static/expr/frame/bamboo_3_rnn_c-fdb_composition_interpolate-detach_7752.jpg,static/image/composition.jpg
static/expr/frame/wall_rnn_ofb_lamuse_interpolate-detach_7677.jpg,static/expr/frame/wall_rnn_c-fdb_lamuse_interpolate-detach_7677.jpg,static/image/lamuse.jpg
static/expr/frame/man-bike_rnn_ofb_starrynight_interpolate-detach_7155.jpg,static/expr/frame/man-bike_rnn_c-fdb_starrynight_interpolate-detach_7155.jpg,static/image/starrynight.jpg
static/expr/frame/horsejump-stick_rnn_ofb_composition_interpolate-detach_8768.jpg,static/expr/frame/horsejump-stick_rnn_c-fdb_composition_interpolate-detach_8768.jpg,static/image/composition.jpg
static/expr/frame/tandem_rnn_ofb_starrynight_interpolate-detach_7854.jpg,static/expr/frame/tandem_rnn_c-fdb_starrynight_interpolate-detach_7854.jpg,static/image/starrynight.jpg
static/expr/frame/ambush_1_rnn_ofb_composition_interpolate-detach_3928.jpg,static/expr/frame/ambush_1_rnn_c-fdb_composition_interpolate-detach_3928.jpg,static/image/composition.jpg
static/expr/frame/girl-dog_rnn_ofb_composition_interpolate-detach_0656.jpg,static/expr/frame/girl-dog_rnn_c-fdb_composition_interpolate-detach_0656.jpg,static/image/composition.jpg
static/expr/frame/gym_rnn_c-fdb_feathers_interpolate-detach_5228.jpg,static/expr/frame/gym_rnn_ofb_feathers_interpolate-detach_5228.jpg,static/image/feathers.jpg
static/expr/frame/cave_3_rnn_ofb_feathers_interpolate-detach_9394.jpg,static/expr/frame/cave_3_rnn_c-fdb_feathers_interpolate-detach_9394.jpg,static/image/feathers.jpg
static/expr/frame/PERTURBED_shaman_1_rnn_c-fdb_feathers_interpolate-detach_7756.jpg,static/expr/frame/PERTURBED_shaman_1_rnn_ofb_feathers_interpolate-detach_7756.jpg,static/image/feathers.jpg
static/expr/frame/market_4_rnn_ofb_lamuse_interpolate-detach_1214.jpg,static/expr/frame/market_4_rnn_c-fdb_lamuse_interpolate-detach_1214.jpg,static/image/lamuse.jpg
static/expr/frame/tandem_rnn_c-fdb_feathers_interpolate-detach_9988.jpg,static/expr/frame/tandem_rnn_ofb_feathers_interpolate-detach_9988.jpg,static/image/feathers.jpg
static/expr/frame/subway_rnn_c-fdb_composition_interpolate-detach_0114.jpg,static/expr/frame/subway_rnn_ofb_composition_interpolate-detach_0114.jpg,static/image/composition.jpg
static/expr/frame/PERTURBED_shaman_1_rnn_ofb_lamuse_interpolate-detach_2581.jpg,static/expr/frame/PERTURBED_shaman_1_rnn_c-fdb_lamuse_interpolate-detach_2581.jpg,static/image/lamuse.jpg
static/expr/frame/man-bike_rnn_c-fdb_lamuse_interpolate-detach_6991.jpg,static/expr/frame/man-bike_rnn_ofb_lamuse_interpolate-detach_6991.jpg,static/image/lamuse.jpg
static/expr/frame/cats-car_rnn_ofb_lamuse_interpolate-detach_2190.jpg,static/expr/frame/cats-car_rnn_c-fdb_lamuse_interpolate-detach_2190.jpg,static/image/lamuse.jpg
static/expr/frame/market_4_rnn_c-fdb_composition_interpolate-detach_6042.jpg,static/expr/frame/market_4_rnn_ofb_composition_interpolate-detach_6042.jpg,static/image/composition.jpg
static/expr/frame/guitar-violin_rnn_ofb_feathers_interpolate-detach_7400.jpg,static/expr/frame/guitar-violin_rnn_c-fdb_feathers_interpolate-detach_7400.jpg,static/image/feathers.jpg
static/expr/frame/mountain_2_rnn_ofb_starrynight_interpolate-detach_8571.jpg,static/expr/frame/mountain_2_rnn_c-fdb_starrynight_interpolate-detach_8571.jpg,static/image/starrynight.jpg
static/expr/frame/girl-dog_rnn_ofb_feathers_interpolate-detach_2787.jpg,static/expr/frame/girl-dog_rnn_c-fdb_feathers_interpolate-detach_2787.jpg,static/image/feathers.jpg
static/expr/frame/slackline_rnn_c-fdb_lamuse_interpolate-detach_2070.jpg,static/expr/frame/slackline_rnn_ofb_lamuse_interpolate-detach_2070.jpg,static/image/lamuse.jpg
static/expr/frame/market_4_rnn_c-fdb_starrynight_interpolate-detach_2366.jpg,static/expr/frame/market_4_rnn_ofb_starrynight_interpolate-detach_2366.jpg,static/image/starrynight.jpg
static/expr/frame/cave_3_rnn_c-fdb_lamuse_interpolate-detach_6721.jpg,static/expr/frame/cave_3_rnn_ofb_lamuse_interpolate-detach_6721.jpg,static/image/lamuse.jpg
static/expr/frame/ambush_1_rnn_ofb_starrynight_interpolate-detach_2657.jpg,static/expr/frame/ambush_1_rnn_c-fdb_starrynight_interpolate-detach_2657.jpg,static/image/starrynight.jpg
static/expr/frame/tiger_rnn_c-fdb_starrynight_interpolate-detach_7302.jpg,static/expr/frame/tiger_rnn_ofb_starrynight_interpolate-detach_7302.jpg,static/image/starrynight.jpg
static/expr/frame/subway_rnn_ofb_lamuse_interpolate-detach_9674.jpg,static/expr/frame/subway_rnn_c-fdb_lamuse_interpolate-detach_9674.jpg,static/image/lamuse.jpg
static/expr/frame/temple_1_rnn_c-fdb_starrynight_interpolate-detach_7837.jpg,static/expr/frame/temple_1_rnn_ofb_starrynight_interpolate-detach_7837.jpg,static/image/starrynight.jpg
static/expr/frame/wall_rnn_ofb_starrynight_interpolate-detach_2681.jpg,static/expr/frame/wall_rnn_c-fdb_starrynight_interpolate-detach_2681.jpg,static/image/starrynight.jpg
static/expr/frame/market_1_rnn_ofb_starrynight_interpolate-detach_3161.jpg,static/expr/frame/market_1_rnn_c-fdb_starrynight_interpolate-detach_3161.jpg,static/image/starrynight.jpg
