frame_A_path,frame_B_path
static/expr/frame/helicopter_sfn_ofb_composition_interpolate-detach_01789.jpg,static/expr/frame/helicopter_sfn_c-fdb_composition_interpolate-detach_01789.jpg
static/expr/frame/market_4_sfn_ofb_lamuse_interpolate-detach_08717.jpg,static/expr/frame/market_4_sfn_c-fdb_lamuse_interpolate-detach_08717.jpg
static/expr/frame/mountain_2_sfn_ofb_feathers_interpolate-detach_01418.jpg,static/expr/frame/mountain_2_sfn_c-fdb_feathers_interpolate-detach_01418.jpg
static/expr/frame/helicopter_sfn_ofb_starrynight_interpolate-detach_04993.jpg,static/expr/frame/helicopter_sfn_c-fdb_starrynight_interpolate-detach_04993.jpg
static/expr/frame/tiger_sfn_c-fdb_feathers_interpolate-detach_06964.jpg,static/expr/frame/tiger_sfn_ofb_feathers_interpolate-detach_06964.jpg
static/expr/frame/gym_sfn_c-fdb_lamuse_interpolate-detach_02876.jpg,static/expr/frame/gym_sfn_ofb_lamuse_interpolate-detach_02876.jpg
static/expr/frame/bamboo_3_sfn_ofb_starrynight_interpolate-detach_06605.jpg,static/expr/frame/bamboo_3_sfn_c-fdb_starrynight_interpolate-detach_06605.jpg
static/expr/frame/temple_1_sfn_c-fdb_starrynight_interpolate-detach_08923.jpg,static/expr/frame/temple_1_sfn_ofb_starrynight_interpolate-detach_08923.jpg
static/expr/frame/girl-dog_sfn_c-fdb_feathers_interpolate-detach_08440.jpg,static/expr/frame/girl-dog_sfn_ofb_feathers_interpolate-detach_08440.jpg
static/expr/frame/gym_sfn_ofb_feathers_interpolate-detach_03732.jpg,static/expr/frame/gym_sfn_c-fdb_feathers_interpolate-detach_03732.jpg
static/expr/frame/cats-car_sfn_c-fdb_composition_interpolate-detach_00938.jpg,static/expr/frame/cats-car_sfn_ofb_composition_interpolate-detach_00938.jpg
static/expr/frame/guitar-violin_sfn_ofb_feathers_interpolate-detach_00504.jpg,static/expr/frame/guitar-violin_sfn_c-fdb_feathers_interpolate-detach_00504.jpg
static/expr/frame/horsejump-stick_sfn_ofb_feathers_interpolate-detach_07429.jpg,static/expr/frame/horsejump-stick_sfn_c-fdb_feathers_interpolate-detach_07429.jpg
static/expr/frame/PERTURBED_shaman_1_sfn_ofb_starrynight_interpolate-detach_05692.jpg,static/expr/frame/PERTURBED_shaman_1_sfn_c-fdb_starrynight_interpolate-detach_05692.jpg
static/expr/frame/guitar-violin_sfn_ofb_starrynight_interpolate-detach_09777.jpg,static/expr/frame/guitar-violin_sfn_c-fdb_starrynight_interpolate-detach_09777.jpg
static/expr/frame/ambush_1_sfn_c-fdb_lamuse_interpolate-detach_08989.jpg,static/expr/frame/ambush_1_sfn_ofb_lamuse_interpolate-detach_08989.jpg
static/expr/frame/tiger_sfn_c-fdb_lamuse_interpolate-detach_08121.jpg,static/expr/frame/tiger_sfn_ofb_lamuse_interpolate-detach_08121.jpg
static/expr/frame/horsejump-stick_sfn_c-fdb_starrynight_interpolate-detach_04248.jpg,static/expr/frame/horsejump-stick_sfn_ofb_starrynight_interpolate-detach_04248.jpg
static/expr/frame/subway_sfn_c-fdb_composition_interpolate-detach_02253.jpg,static/expr/frame/subway_sfn_ofb_composition_interpolate-detach_02253.jpg
static/expr/frame/cats-car_sfn_c-fdb_lamuse_interpolate-detach_09470.jpg,static/expr/frame/cats-car_sfn_ofb_lamuse_interpolate-detach_09470.jpg
static/expr/frame/cave_3_sfn_c-fdb_lamuse_interpolate-detach_05878.jpg,static/expr/frame/cave_3_sfn_ofb_lamuse_interpolate-detach_05878.jpg
static/expr/frame/girl-dog_sfn_c-fdb_starrynight_interpolate-detach_04991.jpg,static/expr/frame/girl-dog_sfn_ofb_starrynight_interpolate-detach_04991.jpg
static/expr/frame/man-bike_sfn_c-fdb_composition_interpolate-detach_09582.jpg,static/expr/frame/man-bike_sfn_ofb_composition_interpolate-detach_09582.jpg
static/expr/frame/slackline_sfn_ofb_feathers_interpolate-detach_01622.jpg,static/expr/frame/slackline_sfn_c-fdb_feathers_interpolate-detach_01622.jpg
static/expr/frame/market_1_sfn_ofb_starrynight_interpolate-detach_06323.jpg,static/expr/frame/market_1_sfn_c-fdb_starrynight_interpolate-detach_06323.jpg
static/expr/frame/tandem_sfn_c-fdb_starrynight_interpolate-detach_01353.jpg,static/expr/frame/tandem_sfn_ofb_starrynight_interpolate-detach_01353.jpg
static/expr/frame/subway_sfn_ofb_feathers_interpolate-detach_06260.jpg,static/expr/frame/subway_sfn_c-fdb_feathers_interpolate-detach_06260.jpg
static/expr/frame/slackline_sfn_ofb_starrynight_interpolate-detach_05375.jpg,static/expr/frame/slackline_sfn_c-fdb_starrynight_interpolate-detach_05375.jpg
static/expr/frame/cats-car_sfn_ofb_feathers_interpolate-detach_03781.jpg,static/expr/frame/cats-car_sfn_c-fdb_feathers_interpolate-detach_03781.jpg
static/expr/frame/helicopter_sfn_ofb_feathers_interpolate-detach_02048.jpg,static/expr/frame/helicopter_sfn_c-fdb_feathers_interpolate-detach_02048.jpg
static/expr/frame/subway_sfn_ofb_lamuse_interpolate-detach_07656.jpg,static/expr/frame/subway_sfn_c-fdb_lamuse_interpolate-detach_07656.jpg
static/expr/frame/cave_3_sfn_ofb_feathers_interpolate-detach_05040.jpg,static/expr/frame/cave_3_sfn_c-fdb_feathers_interpolate-detach_05040.jpg
static/expr/frame/horsejump-stick_sfn_ofb_composition_interpolate-detach_04016.jpg,static/expr/frame/horsejump-stick_sfn_c-fdb_composition_interpolate-detach_04016.jpg
static/expr/frame/man-bike_sfn_c-fdb_starrynight_interpolate-detach_07464.jpg,static/expr/frame/man-bike_sfn_ofb_starrynight_interpolate-detach_07464.jpg
static/expr/frame/tiger_sfn_c-fdb_composition_interpolate-detach_03539.jpg,static/expr/frame/tiger_sfn_ofb_composition_interpolate-detach_03539.jpg
static/expr/frame/wall_sfn_c-fdb_composition_interpolate-detach_00709.jpg,static/expr/frame/wall_sfn_ofb_composition_interpolate-detach_00709.jpg
static/expr/frame/mountain_2_sfn_c-fdb_starrynight_interpolate-detach_04193.jpg,static/expr/frame/mountain_2_sfn_ofb_starrynight_interpolate-detach_04193.jpg
static/expr/frame/ambush_1_sfn_ofb_feathers_interpolate-detach_02106.jpg,static/expr/frame/ambush_1_sfn_c-fdb_feathers_interpolate-detach_02106.jpg
static/expr/frame/tandem_sfn_ofb_composition_interpolate-detach_03099.jpg,static/expr/frame/tandem_sfn_c-fdb_composition_interpolate-detach_03099.jpg
static/expr/frame/bamboo_3_sfn_ofb_composition_interpolate-detach_00968.jpg,static/expr/frame/bamboo_3_sfn_c-fdb_composition_interpolate-detach_00968.jpg
static/expr/frame/temple_1_sfn_ofb_composition_interpolate-detach_03421.jpg,static/expr/frame/temple_1_sfn_c-fdb_composition_interpolate-detach_03421.jpg
static/expr/frame/gym_sfn_ofb_starrynight_interpolate-detach_01171.jpg,static/expr/frame/gym_sfn_c-fdb_starrynight_interpolate-detach_01171.jpg
static/expr/frame/ambush_1_sfn_c-fdb_starrynight_interpolate-detach_03339.jpg,static/expr/frame/ambush_1_sfn_ofb_starrynight_interpolate-detach_03339.jpg
static/expr/frame/cave_3_sfn_c-fdb_starrynight_interpolate-detach_02432.jpg,static/expr/frame/cave_3_sfn_ofb_starrynight_interpolate-detach_02432.jpg
static/expr/frame/subway_sfn_ofb_starrynight_interpolate-detach_07541.jpg,static/expr/frame/subway_sfn_c-fdb_starrynight_interpolate-detach_07541.jpg
static/expr/frame/bamboo_3_sfn_c-fdb_lamuse_interpolate-detach_04840.jpg,static/expr/frame/bamboo_3_sfn_ofb_lamuse_interpolate-detach_04840.jpg
static/expr/frame/temple_1_sfn_c-fdb_feathers_interpolate-detach_09107.jpg,static/expr/frame/temple_1_sfn_ofb_feathers_interpolate-detach_09107.jpg
static/expr/frame/slackline_sfn_c-fdb_composition_interpolate-detach_04458.jpg,static/expr/frame/slackline_sfn_ofb_composition_interpolate-detach_04458.jpg
static/expr/frame/tandem_sfn_c-fdb_feathers_interpolate-detach_00046.jpg,static/expr/frame/tandem_sfn_ofb_feathers_interpolate-detach_00046.jpg
static/expr/frame/PERTURBED_shaman_1_sfn_c-fdb_lamuse_interpolate-detach_04726.jpg,static/expr/frame/PERTURBED_shaman_1_sfn_ofb_lamuse_interpolate-detach_04726.jpg
static/expr/frame/gym_sfn_c-fdb_composition_interpolate-detach_00319.jpg,static/expr/frame/gym_sfn_ofb_composition_interpolate-detach_00319.jpg
static/expr/frame/cats-car_sfn_c-fdb_starrynight_interpolate-detach_00274.jpg,static/expr/frame/cats-car_sfn_ofb_starrynight_interpolate-detach_00274.jpg
static/expr/frame/ambush_1_sfn_ofb_composition_interpolate-detach_04866.jpg,static/expr/frame/ambush_1_sfn_c-fdb_composition_interpolate-detach_04866.jpg
static/expr/frame/wall_sfn_ofb_lamuse_interpolate-detach_04037.jpg,static/expr/frame/wall_sfn_c-fdb_lamuse_interpolate-detach_04037.jpg
static/expr/frame/tandem_sfn_ofb_lamuse_interpolate-detach_00906.jpg,static/expr/frame/tandem_sfn_c-fdb_lamuse_interpolate-detach_00906.jpg
static/expr/frame/guitar-violin_sfn_ofb_lamuse_interpolate-detach_07576.jpg,static/expr/frame/guitar-violin_sfn_c-fdb_lamuse_interpolate-detach_07576.jpg
static/expr/frame/mountain_2_sfn_ofb_lamuse_interpolate-detach_08766.jpg,static/expr/frame/mountain_2_sfn_c-fdb_lamuse_interpolate-detach_08766.jpg
static/expr/frame/PERTURBED_shaman_1_sfn_ofb_feathers_interpolate-detach_09931.jpg,static/expr/frame/PERTURBED_shaman_1_sfn_c-fdb_feathers_interpolate-detach_09931.jpg
static/expr/frame/market_4_sfn_ofb_starrynight_interpolate-detach_09392.jpg,static/expr/frame/market_4_sfn_c-fdb_starrynight_interpolate-detach_09392.jpg
static/expr/frame/mountain_2_sfn_ofb_composition_interpolate-detach_07720.jpg,static/expr/frame/mountain_2_sfn_c-fdb_composition_interpolate-detach_07720.jpg
static/expr/frame/guitar-violin_sfn_ofb_composition_interpolate-detach_03539.jpg,static/expr/frame/guitar-violin_sfn_c-fdb_composition_interpolate-detach_03539.jpg
static/expr/frame/market_4_sfn_c-fdb_composition_interpolate-detach_04456.jpg,static/expr/frame/market_4_sfn_ofb_composition_interpolate-detach_04456.jpg
static/expr/frame/market_4_sfn_ofb_feathers_interpolate-detach_03808.jpg,static/expr/frame/market_4_sfn_c-fdb_feathers_interpolate-detach_03808.jpg
static/expr/frame/market_1_sfn_c-fdb_lamuse_interpolate-detach_01925.jpg,static/expr/frame/market_1_sfn_ofb_lamuse_interpolate-detach_01925.jpg
static/expr/frame/wall_sfn_c-fdb_starrynight_interpolate-detach_00245.jpg,static/expr/frame/wall_sfn_ofb_starrynight_interpolate-detach_00245.jpg
static/expr/frame/cave_3_sfn_ofb_composition_interpolate-detach_07069.jpg,static/expr/frame/cave_3_sfn_c-fdb_composition_interpolate-detach_07069.jpg
static/expr/frame/horsejump-stick_sfn_ofb_lamuse_interpolate-detach_01579.jpg,static/expr/frame/horsejump-stick_sfn_c-fdb_lamuse_interpolate-detach_01579.jpg
static/expr/frame/helicopter_sfn_c-fdb_lamuse_interpolate-detach_06867.jpg,static/expr/frame/helicopter_sfn_ofb_lamuse_interpolate-detach_06867.jpg
static/expr/frame/slackline_sfn_ofb_lamuse_interpolate-detach_07687.jpg,static/expr/frame/slackline_sfn_c-fdb_lamuse_interpolate-detach_07687.jpg
static/expr/frame/tiger_sfn_ofb_starrynight_interpolate-detach_07212.jpg,static/expr/frame/tiger_sfn_c-fdb_starrynight_interpolate-detach_07212.jpg
static/expr/frame/market_1_sfn_c-fdb_composition_interpolate-detach_04301.jpg,static/expr/frame/market_1_sfn_ofb_composition_interpolate-detach_04301.jpg
static/expr/frame/wall_sfn_c-fdb_feathers_interpolate-detach_08353.jpg,static/expr/frame/wall_sfn_ofb_feathers_interpolate-detach_08353.jpg
static/expr/frame/bamboo_3_sfn_c-fdb_feathers_interpolate-detach_00651.jpg,static/expr/frame/bamboo_3_sfn_ofb_feathers_interpolate-detach_00651.jpg
static/expr/frame/market_1_sfn_c-fdb_feathers_interpolate-detach_09578.jpg,static/expr/frame/market_1_sfn_ofb_feathers_interpolate-detach_09578.jpg
static/expr/frame/man-bike_sfn_c-fdb_feathers_interpolate-detach_01830.jpg,static/expr/frame/man-bike_sfn_ofb_feathers_interpolate-detach_01830.jpg
static/expr/frame/girl-dog_sfn_c-fdb_lamuse_interpolate-detach_03121.jpg,static/expr/frame/girl-dog_sfn_ofb_lamuse_interpolate-detach_03121.jpg
static/expr/frame/temple_1_sfn_ofb_lamuse_interpolate-detach_04418.jpg,static/expr/frame/temple_1_sfn_c-fdb_lamuse_interpolate-detach_04418.jpg
static/expr/frame/man-bike_sfn_c-fdb_lamuse_interpolate-detach_00567.jpg,static/expr/frame/man-bike_sfn_ofb_lamuse_interpolate-detach_00567.jpg
static/expr/frame/girl-dog_sfn_c-fdb_composition_interpolate-detach_05982.jpg,static/expr/frame/girl-dog_sfn_ofb_composition_interpolate-detach_05982.jpg
static/expr/frame/PERTURBED_shaman_1_sfn_c-fdb_composition_interpolate-detach_04678.jpg,static/expr/frame/PERTURBED_shaman_1_sfn_ofb_composition_interpolate-detach_04678.jpg
