video_A_path,video_B_path
static/expr/video/subway_sfn_c-fdb_lamuse_interpolate-detach.mp4,static/expr/video/subway_sfn_ofb_lamuse_interpolate-detach.mp4
static/expr/video/ambush_1_sfn_c-fdb_starrynight_interpolate-detach.mp4,static/expr/video/ambush_1_sfn_ofb_starrynight_interpolate-detach.mp4
static/expr/video/girl-dog_sfn_ofb_starrynight_interpolate-detach.mp4,static/expr/video/girl-dog_sfn_c-fdb_starrynight_interpolate-detach.mp4
static/expr/video/wall_sfn_ofb_composition_interpolate-detach.mp4,static/expr/video/wall_sfn_c-fdb_composition_interpolate-detach.mp4
static/expr/video/cave_3_sfn_c-fdb_lamuse_interpolate-detach.mp4,static/expr/video/cave_3_sfn_ofb_lamuse_interpolate-detach.mp4
static/expr/video/PERTURBED_shaman_1_sfn_c-fdb_starrynight_interpolate-detach.mp4,static/expr/video/PERTURBED_shaman_1_sfn_ofb_starrynight_interpolate-detach.mp4
static/expr/video/man-bike_sfn_ofb_composition_interpolate-detach.mp4,static/expr/video/man-bike_sfn_c-fdb_composition_interpolate-detach.mp4
static/expr/video/ambush_1_sfn_ofb_composition_interpolate-detach.mp4,static/expr/video/ambush_1_sfn_c-fdb_composition_interpolate-detach.mp4
static/expr/video/bamboo_3_sfn_ofb_starrynight_interpolate-detach.mp4,static/expr/video/bamboo_3_sfn_c-fdb_starrynight_interpolate-detach.mp4
static/expr/video/slackline_sfn_c-fdb_composition_interpolate-detach.mp4,static/expr/video/slackline_sfn_ofb_composition_interpolate-detach.mp4
static/expr/video/wall_sfn_ofb_starrynight_interpolate-detach.mp4,static/expr/video/wall_sfn_c-fdb_starrynight_interpolate-detach.mp4
static/expr/video/horsejump-stick_sfn_c-fdb_composition_interpolate-detach.mp4,static/expr/video/horsejump-stick_sfn_ofb_composition_interpolate-detach.mp4
static/expr/video/girl-dog_sfn_ofb_feathers_interpolate-detach.mp4,static/expr/video/girl-dog_sfn_c-fdb_feathers_interpolate-detach.mp4
static/expr/video/gym_sfn_ofb_feathers_interpolate-detach.mp4,static/expr/video/gym_sfn_c-fdb_feathers_interpolate-detach.mp4
static/expr/video/helicopter_sfn_ofb_composition_interpolate-detach.mp4,static/expr/video/helicopter_sfn_c-fdb_composition_interpolate-detach.mp4
static/expr/video/ambush_1_sfn_ofb_feathers_interpolate-detach.mp4,static/expr/video/ambush_1_sfn_c-fdb_feathers_interpolate-detach.mp4
static/expr/video/man-bike_sfn_c-fdb_feathers_interpolate-detach.mp4,static/expr/video/man-bike_sfn_ofb_feathers_interpolate-detach.mp4
static/expr/video/tiger_sfn_c-fdb_feathers_interpolate-detach.mp4,static/expr/video/tiger_sfn_ofb_feathers_interpolate-detach.mp4
static/expr/video/mountain_2_sfn_c-fdb_composition_interpolate-detach.mp4,static/expr/video/mountain_2_sfn_ofb_composition_interpolate-detach.mp4
static/expr/video/girl-dog_sfn_c-fdb_lamuse_interpolate-detach.mp4,static/expr/video/girl-dog_sfn_ofb_lamuse_interpolate-detach.mp4
static/expr/video/tandem_sfn_c-fdb_starrynight_interpolate-detach.mp4,static/expr/video/tandem_sfn_ofb_starrynight_interpolate-detach.mp4
static/expr/video/cats-car_sfn_c-fdb_composition_interpolate-detach.mp4,static/expr/video/cats-car_sfn_ofb_composition_interpolate-detach.mp4
static/expr/video/gym_sfn_ofb_composition_interpolate-detach.mp4,static/expr/video/gym_sfn_c-fdb_composition_interpolate-detach.mp4
static/expr/video/tiger_sfn_c-fdb_composition_interpolate-detach.mp4,static/expr/video/tiger_sfn_ofb_composition_interpolate-detach.mp4
static/expr/video/market_4_sfn_ofb_starrynight_interpolate-detach.mp4,static/expr/video/market_4_sfn_c-fdb_starrynight_interpolate-detach.mp4
static/expr/video/helicopter_sfn_c-fdb_feathers_interpolate-detach.mp4,static/expr/video/helicopter_sfn_ofb_feathers_interpolate-detach.mp4
static/expr/video/man-bike_sfn_c-fdb_lamuse_interpolate-detach.mp4,static/expr/video/man-bike_sfn_ofb_lamuse_interpolate-detach.mp4
static/expr/video/guitar-violin_sfn_ofb_lamuse_interpolate-detach.mp4,static/expr/video/guitar-violin_sfn_c-fdb_lamuse_interpolate-detach.mp4
static/expr/video/cave_3_sfn_ofb_starrynight_interpolate-detach.mp4,static/expr/video/cave_3_sfn_c-fdb_starrynight_interpolate-detach.mp4
static/expr/video/slackline_sfn_c-fdb_feathers_interpolate-detach.mp4,static/expr/video/slackline_sfn_ofb_feathers_interpolate-detach.mp4
static/expr/video/bamboo_3_sfn_c-fdb_composition_interpolate-detach.mp4,static/expr/video/bamboo_3_sfn_ofb_composition_interpolate-detach.mp4
static/expr/video/wall_sfn_c-fdb_feathers_interpolate-detach.mp4,static/expr/video/wall_sfn_ofb_feathers_interpolate-detach.mp4
static/expr/video/tandem_sfn_c-fdb_lamuse_interpolate-detach.mp4,static/expr/video/tandem_sfn_ofb_lamuse_interpolate-detach.mp4
static/expr/video/temple_1_sfn_ofb_feathers_interpolate-detach.mp4,static/expr/video/temple_1_sfn_c-fdb_feathers_interpolate-detach.mp4
static/expr/video/tandem_sfn_c-fdb_feathers_interpolate-detach.mp4,static/expr/video/tandem_sfn_ofb_feathers_interpolate-detach.mp4
static/expr/video/PERTURBED_shaman_1_sfn_c-fdb_lamuse_interpolate-detach.mp4,static/expr/video/PERTURBED_shaman_1_sfn_ofb_lamuse_interpolate-detach.mp4
static/expr/video/horsejump-stick_sfn_ofb_starrynight_interpolate-detach.mp4,static/expr/video/horsejump-stick_sfn_c-fdb_starrynight_interpolate-detach.mp4
static/expr/video/subway_sfn_c-fdb_starrynight_interpolate-detach.mp4,static/expr/video/subway_sfn_ofb_starrynight_interpolate-detach.mp4
static/expr/video/wall_sfn_ofb_lamuse_interpolate-detach.mp4,static/expr/video/wall_sfn_c-fdb_lamuse_interpolate-detach.mp4
static/expr/video/gym_sfn_c-fdb_lamuse_interpolate-detach.mp4,static/expr/video/gym_sfn_ofb_lamuse_interpolate-detach.mp4
static/expr/video/guitar-violin_sfn_c-fdb_feathers_interpolate-detach.mp4,static/expr/video/guitar-violin_sfn_ofb_feathers_interpolate-detach.mp4
static/expr/video/market_4_sfn_ofb_composition_interpolate-detach.mp4,static/expr/video/market_4_sfn_c-fdb_composition_interpolate-detach.mp4
static/expr/video/market_4_sfn_c-fdb_feathers_interpolate-detach.mp4,static/expr/video/market_4_sfn_ofb_feathers_interpolate-detach.mp4
static/expr/video/helicopter_sfn_ofb_starrynight_interpolate-detach.mp4,static/expr/video/helicopter_sfn_c-fdb_starrynight_interpolate-detach.mp4
static/expr/video/market_1_sfn_c-fdb_lamuse_interpolate-detach.mp4,static/expr/video/market_1_sfn_ofb_lamuse_interpolate-detach.mp4
static/expr/video/cats-car_sfn_c-fdb_feathers_interpolate-detach.mp4,static/expr/video/cats-car_sfn_ofb_feathers_interpolate-detach.mp4
static/expr/video/slackline_sfn_ofb_starrynight_interpolate-detach.mp4,static/expr/video/slackline_sfn_c-fdb_starrynight_interpolate-detach.mp4
static/expr/video/cave_3_sfn_ofb_composition_interpolate-detach.mp4,static/expr/video/cave_3_sfn_c-fdb_composition_interpolate-detach.mp4
static/expr/video/horsejump-stick_sfn_ofb_feathers_interpolate-detach.mp4,static/expr/video/horsejump-stick_sfn_c-fdb_feathers_interpolate-detach.mp4
static/expr/video/guitar-violin_sfn_ofb_composition_interpolate-detach.mp4,static/expr/video/guitar-violin_sfn_c-fdb_composition_interpolate-detach.mp4
static/expr/video/temple_1_sfn_ofb_lamuse_interpolate-detach.mp4,static/expr/video/temple_1_sfn_c-fdb_lamuse_interpolate-detach.mp4
static/expr/video/mountain_2_sfn_ofb_feathers_interpolate-detach.mp4,static/expr/video/mountain_2_sfn_c-fdb_feathers_interpolate-detach.mp4
static/expr/video/subway_sfn_c-fdb_feathers_interpolate-detach.mp4,static/expr/video/subway_sfn_ofb_feathers_interpolate-detach.mp4
static/expr/video/ambush_1_sfn_ofb_lamuse_interpolate-detach.mp4,static/expr/video/ambush_1_sfn_c-fdb_lamuse_interpolate-detach.mp4
static/expr/video/temple_1_sfn_ofb_composition_interpolate-detach.mp4,static/expr/video/temple_1_sfn_c-fdb_composition_interpolate-detach.mp4
static/expr/video/tandem_sfn_ofb_composition_interpolate-detach.mp4,static/expr/video/tandem_sfn_c-fdb_composition_interpolate-detach.mp4
static/expr/video/PERTURBED_shaman_1_sfn_ofb_composition_interpolate-detach.mp4,static/expr/video/PERTURBED_shaman_1_sfn_c-fdb_composition_interpolate-detach.mp4
static/expr/video/mountain_2_sfn_ofb_starrynight_interpolate-detach.mp4,static/expr/video/mountain_2_sfn_c-fdb_starrynight_interpolate-detach.mp4
static/expr/video/girl-dog_sfn_ofb_composition_interpolate-detach.mp4,static/expr/video/girl-dog_sfn_c-fdb_composition_interpolate-detach.mp4
static/expr/video/guitar-violin_sfn_ofb_starrynight_interpolate-detach.mp4,static/expr/video/guitar-violin_sfn_c-fdb_starrynight_interpolate-detach.mp4
static/expr/video/market_1_sfn_c-fdb_composition_interpolate-detach.mp4,static/expr/video/market_1_sfn_ofb_composition_interpolate-detach.mp4
static/expr/video/slackline_sfn_c-fdb_lamuse_interpolate-detach.mp4,static/expr/video/slackline_sfn_ofb_lamuse_interpolate-detach.mp4
static/expr/video/PERTURBED_shaman_1_sfn_c-fdb_feathers_interpolate-detach.mp4,static/expr/video/PERTURBED_shaman_1_sfn_ofb_feathers_interpolate-detach.mp4
static/expr/video/horsejump-stick_sfn_c-fdb_lamuse_interpolate-detach.mp4,static/expr/video/horsejump-stick_sfn_ofb_lamuse_interpolate-detach.mp4
static/expr/video/mountain_2_sfn_c-fdb_lamuse_interpolate-detach.mp4,static/expr/video/mountain_2_sfn_ofb_lamuse_interpolate-detach.mp4
static/expr/video/gym_sfn_ofb_starrynight_interpolate-detach.mp4,static/expr/video/gym_sfn_c-fdb_starrynight_interpolate-detach.mp4
static/expr/video/subway_sfn_ofb_composition_interpolate-detach.mp4,static/expr/video/subway_sfn_c-fdb_composition_interpolate-detach.mp4
static/expr/video/man-bike_sfn_ofb_starrynight_interpolate-detach.mp4,static/expr/video/man-bike_sfn_c-fdb_starrynight_interpolate-detach.mp4
static/expr/video/cats-car_sfn_c-fdb_lamuse_interpolate-detach.mp4,static/expr/video/cats-car_sfn_ofb_lamuse_interpolate-detach.mp4
static/expr/video/bamboo_3_sfn_ofb_lamuse_interpolate-detach.mp4,static/expr/video/bamboo_3_sfn_c-fdb_lamuse_interpolate-detach.mp4
static/expr/video/tiger_sfn_ofb_starrynight_interpolate-detach.mp4,static/expr/video/tiger_sfn_c-fdb_starrynight_interpolate-detach.mp4
static/expr/video/temple_1_sfn_c-fdb_starrynight_interpolate-detach.mp4,static/expr/video/temple_1_sfn_ofb_starrynight_interpolate-detach.mp4
static/expr/video/market_4_sfn_c-fdb_lamuse_interpolate-detach.mp4,static/expr/video/market_4_sfn_ofb_lamuse_interpolate-detach.mp4
static/expr/video/cave_3_sfn_c-fdb_feathers_interpolate-detach.mp4,static/expr/video/cave_3_sfn_ofb_feathers_interpolate-detach.mp4
static/expr/video/market_1_sfn_ofb_feathers_interpolate-detach.mp4,static/expr/video/market_1_sfn_c-fdb_feathers_interpolate-detach.mp4
static/expr/video/bamboo_3_sfn_c-fdb_feathers_interpolate-detach.mp4,static/expr/video/bamboo_3_sfn_ofb_feathers_interpolate-detach.mp4
static/expr/video/market_1_sfn_ofb_starrynight_interpolate-detach.mp4,static/expr/video/market_1_sfn_c-fdb_starrynight_interpolate-detach.mp4
static/expr/video/cats-car_sfn_ofb_starrynight_interpolate-detach.mp4,static/expr/video/cats-car_sfn_c-fdb_starrynight_interpolate-detach.mp4
static/expr/video/helicopter_sfn_c-fdb_lamuse_interpolate-detach.mp4,static/expr/video/helicopter_sfn_ofb_lamuse_interpolate-detach.mp4
static/expr/video/tiger_sfn_c-fdb_lamuse_interpolate-detach.mp4,static/expr/video/tiger_sfn_ofb_lamuse_interpolate-detach.mp4
